sequence_ID	serotype	segment	host	collection_date	country	isolation_source	strain	note
NCOH_001_PB1		PB1	Homo sapiens	2025-01-09	Netherlands	nasopharyngeal/oropharyngeal swab	B/Human/Netherlands/NCOH_001/2025	Mourik et al.: Viral metagenomic sentinel surveillance of acute respiratory infections in primary care as a public health strategy: a prospective national pilot study.
NCOH_001_PB2		PB2	Homo sapiens	2025-01-09	Netherlands	nasopharyngeal/oropharyngeal swab	B/Human/Netherlands/NCOH_001/2025	Mourik et al.: Viral metagenomic sentinel surveillance of acute respiratory infections in primary care as a public health strategy: a prospective national pilot study.
NCOH_001_PA		PA	Homo sapiens	2025-01-09	Netherlands	nasopharyngeal/oropharyngeal swab	B/Human/Netherlands/NCOH_001/2025	Mourik et al.: Viral metagenomic sentinel surveillance of acute respiratory infections in primary care as a public health strategy: a prospective national pilot study.
NCOH_001_HA		HA	Homo sapiens	2025-01-09	Netherlands	nasopharyngeal/oropharyngeal swab	B/Human/Netherlands/NCOH_001/2025	Mourik et al.: Viral metagenomic sentinel surveillance of acute respiratory infections in primary care as a public health strategy: a prospective national pilot study.
NCOH_001_NP		NP	Homo sapiens	2025-01-09	Netherlands	nasopharyngeal/oropharyngeal swab	B/Human/Netherlands/NCOH_001/2025	Mourik et al.: Viral metagenomic sentinel surveillance of acute respiratory infections in primary care as a public health strategy: a prospective national pilot study.
NCOH_001_NA		NA	Homo sapiens	2025-01-09	Netherlands	nasopharyngeal/oropharyngeal swab	B/Human/Netherlands/NCOH_001/2025	Mourik et al.: Viral metagenomic sentinel surveillance of acute respiratory infections in primary care as a public health strategy: a prospective national pilot study.
NCOH_001_MP		MP	Homo sapiens	2025-01-09	Netherlands	nasopharyngeal/oropharyngeal swab	B/Human/Netherlands/NCOH_001/2025	Mourik et al.: Viral metagenomic sentinel surveillance of acute respiratory infections in primary care as a public health strategy: a prospective national pilot study.
NCOH_001_NS		NS	Homo sapiens	2025-01-09	Netherlands	nasopharyngeal/oropharyngeal swab	B/Human/Netherlands/NCOH_001/2025	Mourik et al.: Viral metagenomic sentinel surveillance of acute respiratory infections in primary care as a public health strategy: a prospective national pilot study.
NCOH_002_PB1	H1N1	PB1	Homo sapiens	2025-01-08	Netherlands	nasopharyngeal/oropharyngeal swab	A/Human/Netherlands/NCOH_002/2025 (H1N1)	Mourik et al.: Viral metagenomic sentinel surveillance of acute respiratory infections in primary care as a public health strategy: a prospective national pilot study.
NCOH_002_PB2	H1N1	PB2	Homo sapiens	2025-01-08	Netherlands	nasopharyngeal/oropharyngeal swab	A/Human/Netherlands/NCOH_002/2025 (H1N1)	Mourik et al.: Viral metagenomic sentinel surveillance of acute respiratory infections in primary care as a public health strategy: a prospective national pilot study.
NCOH_002_PA	H1N1	PA	Homo sapiens	2025-01-08	Netherlands	nasopharyngeal/oropharyngeal swab	A/Human/Netherlands/NCOH_002/2025 (H1N1)	Mourik et al.: Viral metagenomic sentinel surveillance of acute respiratory infections in primary care as a public health strategy: a prospective national pilot study.
NCOH_002_HA	H1N1	HA	Homo sapiens	2025-01-08	Netherlands	nasopharyngeal/oropharyngeal swab	A/Human/Netherlands/NCOH_002/2025 (H1N1)	Mourik et al.: Viral metagenomic sentinel surveillance of acute respiratory infections in primary care as a public health strategy: a prospective national pilot study.
NCOH_002_NP	H1N1	NP	Homo sapiens	2025-01-08	Netherlands	nasopharyngeal/oropharyngeal swab	A/Human/Netherlands/NCOH_002/2025 (H1N1)	Mourik et al.: Viral metagenomic sentinel surveillance of acute respiratory infections in primary care as a public health strategy: a prospective national pilot study.
NCOH_002_NA	H1N1	NA	Homo sapiens	2025-01-08	Netherlands	nasopharyngeal/oropharyngeal swab	A/Human/Netherlands/NCOH_002/2025 (H1N1)	Mourik et al.: Viral metagenomic sentinel surveillance of acute respiratory infections in primary care as a public health strategy: a prospective national pilot study.
NCOH_002_MP	H1N1	MP	Homo sapiens	2025-01-08	Netherlands	nasopharyngeal/oropharyngeal swab	A/Human/Netherlands/NCOH_002/2025 (H1N1)	Mourik et al.: Viral metagenomic sentinel surveillance of acute respiratory infections in primary care as a public health strategy: a prospective national pilot study.
NCOH_002_NS	H1N1	NS	Homo sapiens	2025-01-08	Netherlands	nasopharyngeal/oropharyngeal swab	A/Human/Netherlands/NCOH_002/2025 (H1N1)	Mourik et al.: Viral metagenomic sentinel surveillance of acute respiratory infections in primary care as a public health strategy: a prospective national pilot study.
NCOH_005_PB1	H3N2	PB1	Homo sapiens	2025-01-08	Netherlands	nasopharyngeal/oropharyngeal swab	A/Human/Netherlands/NCOH_005/2025 (H3N2)	Mourik et al.: Viral metagenomic sentinel surveillance of acute respiratory infections in primary care as a public health strategy: a prospective national pilot study.
NCOH_005_PB2	H3N2	PB2	Homo sapiens	2025-01-08	Netherlands	nasopharyngeal/oropharyngeal swab	A/Human/Netherlands/NCOH_005/2025 (H3N2)	Mourik et al.: Viral metagenomic sentinel surveillance of acute respiratory infections in primary care as a public health strategy: a prospective national pilot study.
NCOH_005_PA	H3N2	PA	Homo sapiens	2025-01-08	Netherlands	nasopharyngeal/oropharyngeal swab	A/Human/Netherlands/NCOH_005/2025 (H3N2)	Mourik et al.: Viral metagenomic sentinel surveillance of acute respiratory infections in primary care as a public health strategy: a prospective national pilot study.
NCOH_005_HA	H3N2	HA	Homo sapiens	2025-01-08	Netherlands	nasopharyngeal/oropharyngeal swab	A/Human/Netherlands/NCOH_005/2025 (H3N2)	Mourik et al.: Viral metagenomic sentinel surveillance of acute respiratory infections in primary care as a public health strategy: a prospective national pilot study.
NCOH_005_NP	H3N2	NP	Homo sapiens	2025-01-08	Netherlands	nasopharyngeal/oropharyngeal swab	A/Human/Netherlands/NCOH_005/2025 (H3N2)	Mourik et al.: Viral metagenomic sentinel surveillance of acute respiratory infections in primary care as a public health strategy: a prospective national pilot study.
NCOH_005_NA	H3N2	NA	Homo sapiens	2025-01-08	Netherlands	nasopharyngeal/oropharyngeal swab	A/Human/Netherlands/NCOH_005/2025 (H3N2)	Mourik et al.: Viral metagenomic sentinel surveillance of acute respiratory infections in primary care as a public health strategy: a prospective national pilot study.
NCOH_005_MP	H3N2	MP	Homo sapiens	2025-01-08	Netherlands	nasopharyngeal/oropharyngeal swab	A/Human/Netherlands/NCOH_005/2025 (H3N2)	Mourik et al.: Viral metagenomic sentinel surveillance of acute respiratory infections in primary care as a public health strategy: a prospective national pilot study.
NCOH_005_NS	H3N2	NS	Homo sapiens	2025-01-08	Netherlands	nasopharyngeal/oropharyngeal swab	A/Human/Netherlands/NCOH_005/2025 (H3N2)	Mourik et al.: Viral metagenomic sentinel surveillance of acute respiratory infections in primary care as a public health strategy: a prospective national pilot study.
NCOH_006_PB1		PB1	Homo sapiens	2025-01-09	Netherlands	nasopharyngeal/oropharyngeal swab	B/Human/Netherlands/NCOH_006/2025	Mourik et al.: Viral metagenomic sentinel surveillance of acute respiratory infections in primary care as a public health strategy: a prospective national pilot study.
NCOH_006_PB2		PB2	Homo sapiens	2025-01-09	Netherlands	nasopharyngeal/oropharyngeal swab	B/Human/Netherlands/NCOH_006/2025	Mourik et al.: Viral metagenomic sentinel surveillance of acute respiratory infections in primary care as a public health strategy: a prospective national pilot study.
NCOH_006_PA		PA	Homo sapiens	2025-01-09	Netherlands	nasopharyngeal/oropharyngeal swab	B/Human/Netherlands/NCOH_006/2025	Mourik et al.: Viral metagenomic sentinel surveillance of acute respiratory infections in primary care as a public health strategy: a prospective national pilot study.
NCOH_006_HA		HA	Homo sapiens	2025-01-09	Netherlands	nasopharyngeal/oropharyngeal swab	B/Human/Netherlands/NCOH_006/2025	Mourik et al.: Viral metagenomic sentinel surveillance of acute respiratory infections in primary care as a public health strategy: a prospective national pilot study.
NCOH_006_NP		NP	Homo sapiens	2025-01-09	Netherlands	nasopharyngeal/oropharyngeal swab	B/Human/Netherlands/NCOH_006/2025	Mourik et al.: Viral metagenomic sentinel surveillance of acute respiratory infections in primary care as a public health strategy: a prospective national pilot study.
NCOH_006_NA		NA	Homo sapiens	2025-01-09	Netherlands	nasopharyngeal/oropharyngeal swab	B/Human/Netherlands/NCOH_006/2025	Mourik et al.: Viral metagenomic sentinel surveillance of acute respiratory infections in primary care as a public health strategy: a prospective national pilot study.
NCOH_006_MP		MP	Homo sapiens	2025-01-09	Netherlands	nasopharyngeal/oropharyngeal swab	B/Human/Netherlands/NCOH_006/2025	Mourik et al.: Viral metagenomic sentinel surveillance of acute respiratory infections in primary care as a public health strategy: a prospective national pilot study.
NCOH_006_NS		NS	Homo sapiens	2025-01-09	Netherlands	nasopharyngeal/oropharyngeal swab	B/Human/Netherlands/NCOH_006/2025	Mourik et al.: Viral metagenomic sentinel surveillance of acute respiratory infections in primary care as a public health strategy: a prospective national pilot study.
NCOH_011_PB1	H3N2	PB1	Homo sapiens	2025-01-08	Netherlands	nasopharyngeal/oropharyngeal swab	A/Human/Netherlands/NCOH_011/2025 (H3N2)	Mourik et al.: Viral metagenomic sentinel surveillance of acute respiratory infections in primary care as a public health strategy: a prospective national pilot study.
NCOH_011_PB2	H3N2	PB2	Homo sapiens	2025-01-08	Netherlands	nasopharyngeal/oropharyngeal swab	A/Human/Netherlands/NCOH_011/2025 (H3N2)	Mourik et al.: Viral metagenomic sentinel surveillance of acute respiratory infections in primary care as a public health strategy: a prospective national pilot study.
NCOH_011_PA	H3N2	PA	Homo sapiens	2025-01-08	Netherlands	nasopharyngeal/oropharyngeal swab	A/Human/Netherlands/NCOH_011/2025 (H3N2)	Mourik et al.: Viral metagenomic sentinel surveillance of acute respiratory infections in primary care as a public health strategy: a prospective national pilot study.
NCOH_011_HA	H3N2	HA	Homo sapiens	2025-01-08	Netherlands	nasopharyngeal/oropharyngeal swab	A/Human/Netherlands/NCOH_011/2025 (H3N2)	Mourik et al.: Viral metagenomic sentinel surveillance of acute respiratory infections in primary care as a public health strategy: a prospective national pilot study.
NCOH_011_NP	H3N2	NP	Homo sapiens	2025-01-08	Netherlands	nasopharyngeal/oropharyngeal swab	A/Human/Netherlands/NCOH_011/2025 (H3N2)	Mourik et al.: Viral metagenomic sentinel surveillance of acute respiratory infections in primary care as a public health strategy: a prospective national pilot study.
NCOH_011_NA	H3N2	NA	Homo sapiens	2025-01-08	Netherlands	nasopharyngeal/oropharyngeal swab	A/Human/Netherlands/NCOH_011/2025 (H3N2)	Mourik et al.: Viral metagenomic sentinel surveillance of acute respiratory infections in primary care as a public health strategy: a prospective national pilot study.
NCOH_011_MP	H3N2	MP	Homo sapiens	2025-01-08	Netherlands	nasopharyngeal/oropharyngeal swab	A/Human/Netherlands/NCOH_011/2025 (H3N2)	Mourik et al.: Viral metagenomic sentinel surveillance of acute respiratory infections in primary care as a public health strategy: a prospective national pilot study.
NCOH_011_NS	H3N2	NS	Homo sapiens	2025-01-08	Netherlands	nasopharyngeal/oropharyngeal swab	A/Human/Netherlands/NCOH_011/2025 (H3N2)	Mourik et al.: Viral metagenomic sentinel surveillance of acute respiratory infections in primary care as a public health strategy: a prospective national pilot study.
NCOH_013_PB1	H1N1	PB1	Homo sapiens	2025-01-08	Netherlands	nasopharyngeal/oropharyngeal swab	A/Human/Netherlands/NCOH_013/2025 (H1N1)	Mourik et al.: Viral metagenomic sentinel surveillance of acute respiratory infections in primary care as a public health strategy: a prospective national pilot study.
NCOH_013_PB2	H1N1	PB2	Homo sapiens	2025-01-08	Netherlands	nasopharyngeal/oropharyngeal swab	A/Human/Netherlands/NCOH_013/2025 (H1N1)	Mourik et al.: Viral metagenomic sentinel surveillance of acute respiratory infections in primary care as a public health strategy: a prospective national pilot study.
NCOH_013_PA	H1N1	PA	Homo sapiens	2025-01-08	Netherlands	nasopharyngeal/oropharyngeal swab	A/Human/Netherlands/NCOH_013/2025 (H1N1)	Mourik et al.: Viral metagenomic sentinel surveillance of acute respiratory infections in primary care as a public health strategy: a prospective national pilot study.
NCOH_013_HA	H1N1	HA	Homo sapiens	2025-01-08	Netherlands	nasopharyngeal/oropharyngeal swab	A/Human/Netherlands/NCOH_013/2025 (H1N1)	Mourik et al.: Viral metagenomic sentinel surveillance of acute respiratory infections in primary care as a public health strategy: a prospective national pilot study.
NCOH_013_NP	H1N1	NP	Homo sapiens	2025-01-08	Netherlands	nasopharyngeal/oropharyngeal swab	A/Human/Netherlands/NCOH_013/2025 (H1N1)	Mourik et al.: Viral metagenomic sentinel surveillance of acute respiratory infections in primary care as a public health strategy: a prospective national pilot study.
NCOH_013_NA	H1N1	NA	Homo sapiens	2025-01-08	Netherlands	nasopharyngeal/oropharyngeal swab	A/Human/Netherlands/NCOH_013/2025 (H1N1)	Mourik et al.: Viral metagenomic sentinel surveillance of acute respiratory infections in primary care as a public health strategy: a prospective national pilot study.
NCOH_013_MP	H1N1	MP	Homo sapiens	2025-01-08	Netherlands	nasopharyngeal/oropharyngeal swab	A/Human/Netherlands/NCOH_013/2025 (H1N1)	Mourik et al.: Viral metagenomic sentinel surveillance of acute respiratory infections in primary care as a public health strategy: a prospective national pilot study.
NCOH_013_NS	H1N1	NS	Homo sapiens	2025-01-08	Netherlands	nasopharyngeal/oropharyngeal swab	A/Human/Netherlands/NCOH_013/2025 (H1N1)	Mourik et al.: Viral metagenomic sentinel surveillance of acute respiratory infections in primary care as a public health strategy: a prospective national pilot study.
NCOH_017_PB1	H3N2	PB1	Homo sapiens	2025-01-23	Netherlands	nasopharyngeal/oropharyngeal swab	A/Human/Netherlands/NCOH_017/2025 (H3N2)	Mourik et al.: Viral metagenomic sentinel surveillance of acute respiratory infections in primary care as a public health strategy: a prospective national pilot study.
NCOH_017_PB2	H3N2	PB2	Homo sapiens	2025-01-23	Netherlands	nasopharyngeal/oropharyngeal swab	A/Human/Netherlands/NCOH_017/2025 (H3N2)	Mourik et al.: Viral metagenomic sentinel surveillance of acute respiratory infections in primary care as a public health strategy: a prospective national pilot study.
NCOH_017_PA	H3N2	PA	Homo sapiens	2025-01-23	Netherlands	nasopharyngeal/oropharyngeal swab	A/Human/Netherlands/NCOH_017/2025 (H3N2)	Mourik et al.: Viral metagenomic sentinel surveillance of acute respiratory infections in primary care as a public health strategy: a prospective national pilot study.
NCOH_017_HA	H3N2	HA	Homo sapiens	2025-01-23	Netherlands	nasopharyngeal/oropharyngeal swab	A/Human/Netherlands/NCOH_017/2025 (H3N2)	Mourik et al.: Viral metagenomic sentinel surveillance of acute respiratory infections in primary care as a public health strategy: a prospective national pilot study.
NCOH_017_NP	H3N2	NP	Homo sapiens	2025-01-23	Netherlands	nasopharyngeal/oropharyngeal swab	A/Human/Netherlands/NCOH_017/2025 (H3N2)	Mourik et al.: Viral metagenomic sentinel surveillance of acute respiratory infections in primary care as a public health strategy: a prospective national pilot study.
NCOH_017_NA	H3N2	NA	Homo sapiens	2025-01-23	Netherlands	nasopharyngeal/oropharyngeal swab	A/Human/Netherlands/NCOH_017/2025 (H3N2)	Mourik et al.: Viral metagenomic sentinel surveillance of acute respiratory infections in primary care as a public health strategy: a prospective national pilot study.
NCOH_017_MP	H3N2	MP	Homo sapiens	2025-01-23	Netherlands	nasopharyngeal/oropharyngeal swab	A/Human/Netherlands/NCOH_017/2025 (H3N2)	Mourik et al.: Viral metagenomic sentinel surveillance of acute respiratory infections in primary care as a public health strategy: a prospective national pilot study.
NCOH_017_NS	H3N2	NS	Homo sapiens	2025-01-23	Netherlands	nasopharyngeal/oropharyngeal swab	A/Human/Netherlands/NCOH_017/2025 (H3N2)	Mourik et al.: Viral metagenomic sentinel surveillance of acute respiratory infections in primary care as a public health strategy: a prospective national pilot study.
NCOH_018_PB1	H3N2	PB1	Homo sapiens	2025-01-23	Netherlands	nasopharyngeal/oropharyngeal swab	A/Human/Netherlands/NCOH_018/2025 (H3N2)	Mourik et al.: Viral metagenomic sentinel surveillance of acute respiratory infections in primary care as a public health strategy: a prospective national pilot study.
NCOH_018_PB2	H3N2	PB2	Homo sapiens	2025-01-23	Netherlands	nasopharyngeal/oropharyngeal swab	A/Human/Netherlands/NCOH_018/2025 (H3N2)	Mourik et al.: Viral metagenomic sentinel surveillance of acute respiratory infections in primary care as a public health strategy: a prospective national pilot study.
NCOH_018_PA	H3N2	PA	Homo sapiens	2025-01-23	Netherlands	nasopharyngeal/oropharyngeal swab	A/Human/Netherlands/NCOH_018/2025 (H3N2)	Mourik et al.: Viral metagenomic sentinel surveillance of acute respiratory infections in primary care as a public health strategy: a prospective national pilot study.
NCOH_018_HA	H3N2	HA	Homo sapiens	2025-01-23	Netherlands	nasopharyngeal/oropharyngeal swab	A/Human/Netherlands/NCOH_018/2025 (H3N2)	Mourik et al.: Viral metagenomic sentinel surveillance of acute respiratory infections in primary care as a public health strategy: a prospective national pilot study.
NCOH_018_NP	H3N2	NP	Homo sapiens	2025-01-23	Netherlands	nasopharyngeal/oropharyngeal swab	A/Human/Netherlands/NCOH_018/2025 (H3N2)	Mourik et al.: Viral metagenomic sentinel surveillance of acute respiratory infections in primary care as a public health strategy: a prospective national pilot study.
NCOH_018_NA	H3N2	NA	Homo sapiens	2025-01-23	Netherlands	nasopharyngeal/oropharyngeal swab	A/Human/Netherlands/NCOH_018/2025 (H3N2)	Mourik et al.: Viral metagenomic sentinel surveillance of acute respiratory infections in primary care as a public health strategy: a prospective national pilot study.
NCOH_018_MP	H3N2	MP	Homo sapiens	2025-01-23	Netherlands	nasopharyngeal/oropharyngeal swab	A/Human/Netherlands/NCOH_018/2025 (H3N2)	Mourik et al.: Viral metagenomic sentinel surveillance of acute respiratory infections in primary care as a public health strategy: a prospective national pilot study.
NCOH_018_NS	H3N2	NS	Homo sapiens	2025-01-23	Netherlands	nasopharyngeal/oropharyngeal swab	A/Human/Netherlands/NCOH_018/2025 (H3N2)	Mourik et al.: Viral metagenomic sentinel surveillance of acute respiratory infections in primary care as a public health strategy: a prospective national pilot study.
NCOH_021_PB1	H1N1	PB1	Homo sapiens	2025-01-23	Netherlands	nasopharyngeal/oropharyngeal swab	A/Human/Netherlands/NCOH_021/2025 (H1N1)	Mourik et al.: Viral metagenomic sentinel surveillance of acute respiratory infections in primary care as a public health strategy: a prospective national pilot study.
NCOH_021_PB2	H1N1	PB2	Homo sapiens	2025-01-23	Netherlands	nasopharyngeal/oropharyngeal swab	A/Human/Netherlands/NCOH_021/2025 (H1N1)	Mourik et al.: Viral metagenomic sentinel surveillance of acute respiratory infections in primary care as a public health strategy: a prospective national pilot study.
NCOH_021_PA	H1N1	PA	Homo sapiens	2025-01-23	Netherlands	nasopharyngeal/oropharyngeal swab	A/Human/Netherlands/NCOH_021/2025 (H1N1)	Mourik et al.: Viral metagenomic sentinel surveillance of acute respiratory infections in primary care as a public health strategy: a prospective national pilot study.
NCOH_021_HA	H1N1	HA	Homo sapiens	2025-01-23	Netherlands	nasopharyngeal/oropharyngeal swab	A/Human/Netherlands/NCOH_021/2025 (H1N1)	Mourik et al.: Viral metagenomic sentinel surveillance of acute respiratory infections in primary care as a public health strategy: a prospective national pilot study.
NCOH_021_NP	H1N1	NP	Homo sapiens	2025-01-23	Netherlands	nasopharyngeal/oropharyngeal swab	A/Human/Netherlands/NCOH_021/2025 (H1N1)	Mourik et al.: Viral metagenomic sentinel surveillance of acute respiratory infections in primary care as a public health strategy: a prospective national pilot study.
NCOH_021_NA	H1N1	NA	Homo sapiens	2025-01-23	Netherlands	nasopharyngeal/oropharyngeal swab	A/Human/Netherlands/NCOH_021/2025 (H1N1)	Mourik et al.: Viral metagenomic sentinel surveillance of acute respiratory infections in primary care as a public health strategy: a prospective national pilot study.
NCOH_021_MP	H1N1	MP	Homo sapiens	2025-01-23	Netherlands	nasopharyngeal/oropharyngeal swab	A/Human/Netherlands/NCOH_021/2025 (H1N1)	Mourik et al.: Viral metagenomic sentinel surveillance of acute respiratory infections in primary care as a public health strategy: a prospective national pilot study.
NCOH_021_NS	H1N1	NS	Homo sapiens	2025-01-23	Netherlands	nasopharyngeal/oropharyngeal swab	A/Human/Netherlands/NCOH_021/2025 (H1N1)	Mourik et al.: Viral metagenomic sentinel surveillance of acute respiratory infections in primary care as a public health strategy: a prospective national pilot study.
NCOH_026_PB1	H1N1	PB1	Homo sapiens	2025-01-22	Netherlands	nasopharyngeal/oropharyngeal swab	A/Human/Netherlands/NCOH_026/2025 (H1N1)	Mourik et al.: Viral metagenomic sentinel surveillance of acute respiratory infections in primary care as a public health strategy: a prospective national pilot study.
NCOH_026_PB2	H1N1	PB2	Homo sapiens	2025-01-22	Netherlands	nasopharyngeal/oropharyngeal swab	A/Human/Netherlands/NCOH_026/2025 (H1N1)	Mourik et al.: Viral metagenomic sentinel surveillance of acute respiratory infections in primary care as a public health strategy: a prospective national pilot study.
NCOH_026_PA	H1N1	PA	Homo sapiens	2025-01-22	Netherlands	nasopharyngeal/oropharyngeal swab	A/Human/Netherlands/NCOH_026/2025 (H1N1)	Mourik et al.: Viral metagenomic sentinel surveillance of acute respiratory infections in primary care as a public health strategy: a prospective national pilot study.
NCOH_026_HA	H1N1	HA	Homo sapiens	2025-01-22	Netherlands	nasopharyngeal/oropharyngeal swab	A/Human/Netherlands/NCOH_026/2025 (H1N1)	Mourik et al.: Viral metagenomic sentinel surveillance of acute respiratory infections in primary care as a public health strategy: a prospective national pilot study.
NCOH_026_NP	H1N1	NP	Homo sapiens	2025-01-22	Netherlands	nasopharyngeal/oropharyngeal swab	A/Human/Netherlands/NCOH_026/2025 (H1N1)	Mourik et al.: Viral metagenomic sentinel surveillance of acute respiratory infections in primary care as a public health strategy: a prospective national pilot study.
NCOH_026_NA	H1N1	NA	Homo sapiens	2025-01-22	Netherlands	nasopharyngeal/oropharyngeal swab	A/Human/Netherlands/NCOH_026/2025 (H1N1)	Mourik et al.: Viral metagenomic sentinel surveillance of acute respiratory infections in primary care as a public health strategy: a prospective national pilot study.
NCOH_026_MP	H1N1	MP	Homo sapiens	2025-01-22	Netherlands	nasopharyngeal/oropharyngeal swab	A/Human/Netherlands/NCOH_026/2025 (H1N1)	Mourik et al.: Viral metagenomic sentinel surveillance of acute respiratory infections in primary care as a public health strategy: a prospective national pilot study.
NCOH_026_NS	H1N1	NS	Homo sapiens	2025-01-22	Netherlands	nasopharyngeal/oropharyngeal swab	A/Human/Netherlands/NCOH_026/2025 (H1N1)	Mourik et al.: Viral metagenomic sentinel surveillance of acute respiratory infections in primary care as a public health strategy: a prospective national pilot study.
NCOH_027_PB1	H3N2	PB1	Homo sapiens	2025-01-22	Netherlands	nasopharyngeal/oropharyngeal swab	A/Human/Netherlands/NCOH_027/2025 (H3N2)	Mourik et al.: Viral metagenomic sentinel surveillance of acute respiratory infections in primary care as a public health strategy: a prospective national pilot study.
NCOH_027_PB2	H3N2	PB2	Homo sapiens	2025-01-22	Netherlands	nasopharyngeal/oropharyngeal swab	A/Human/Netherlands/NCOH_027/2025 (H3N2)	Mourik et al.: Viral metagenomic sentinel surveillance of acute respiratory infections in primary care as a public health strategy: a prospective national pilot study.
NCOH_027_PA	H3N2	PA	Homo sapiens	2025-01-22	Netherlands	nasopharyngeal/oropharyngeal swab	A/Human/Netherlands/NCOH_027/2025 (H3N2)	Mourik et al.: Viral metagenomic sentinel surveillance of acute respiratory infections in primary care as a public health strategy: a prospective national pilot study.
NCOH_027_HA	H3N2	HA	Homo sapiens	2025-01-22	Netherlands	nasopharyngeal/oropharyngeal swab	A/Human/Netherlands/NCOH_027/2025 (H3N2)	Mourik et al.: Viral metagenomic sentinel surveillance of acute respiratory infections in primary care as a public health strategy: a prospective national pilot study.
NCOH_027_NP	H3N2	NP	Homo sapiens	2025-01-22	Netherlands	nasopharyngeal/oropharyngeal swab	A/Human/Netherlands/NCOH_027/2025 (H3N2)	Mourik et al.: Viral metagenomic sentinel surveillance of acute respiratory infections in primary care as a public health strategy: a prospective national pilot study.
NCOH_027_NA	H3N2	NA	Homo sapiens	2025-01-22	Netherlands	nasopharyngeal/oropharyngeal swab	A/Human/Netherlands/NCOH_027/2025 (H3N2)	Mourik et al.: Viral metagenomic sentinel surveillance of acute respiratory infections in primary care as a public health strategy: a prospective national pilot study.
NCOH_027_MP	H3N2	MP	Homo sapiens	2025-01-22	Netherlands	nasopharyngeal/oropharyngeal swab	A/Human/Netherlands/NCOH_027/2025 (H3N2)	Mourik et al.: Viral metagenomic sentinel surveillance of acute respiratory infections in primary care as a public health strategy: a prospective national pilot study.
NCOH_027_NS	H3N2	NS	Homo sapiens	2025-01-22	Netherlands	nasopharyngeal/oropharyngeal swab	A/Human/Netherlands/NCOH_027/2025 (H3N2)	Mourik et al.: Viral metagenomic sentinel surveillance of acute respiratory infections in primary care as a public health strategy: a prospective national pilot study.
NCOH_031_PB1	H1N1	PB1	Homo sapiens	2025-01-22	Netherlands	nasopharyngeal/oropharyngeal swab	A/Human/Netherlands/NCOH_031/2025 (H1N1)	Mourik et al.: Viral metagenomic sentinel surveillance of acute respiratory infections in primary care as a public health strategy: a prospective national pilot study.
NCOH_031_PB2	H1N1	PB2	Homo sapiens	2025-01-22	Netherlands	nasopharyngeal/oropharyngeal swab	A/Human/Netherlands/NCOH_031/2025 (H1N1)	Mourik et al.: Viral metagenomic sentinel surveillance of acute respiratory infections in primary care as a public health strategy: a prospective national pilot study.
NCOH_031_PA	H1N1	PA	Homo sapiens	2025-01-22	Netherlands	nasopharyngeal/oropharyngeal swab	A/Human/Netherlands/NCOH_031/2025 (H1N1)	Mourik et al.: Viral metagenomic sentinel surveillance of acute respiratory infections in primary care as a public health strategy: a prospective national pilot study.
NCOH_031_HA	H1N1	HA	Homo sapiens	2025-01-22	Netherlands	nasopharyngeal/oropharyngeal swab	A/Human/Netherlands/NCOH_031/2025 (H1N1)	Mourik et al.: Viral metagenomic sentinel surveillance of acute respiratory infections in primary care as a public health strategy: a prospective national pilot study.
NCOH_031_NP	H1N1	NP	Homo sapiens	2025-01-22	Netherlands	nasopharyngeal/oropharyngeal swab	A/Human/Netherlands/NCOH_031/2025 (H1N1)	Mourik et al.: Viral metagenomic sentinel surveillance of acute respiratory infections in primary care as a public health strategy: a prospective national pilot study.
NCOH_031_NA	H1N1	NA	Homo sapiens	2025-01-22	Netherlands	nasopharyngeal/oropharyngeal swab	A/Human/Netherlands/NCOH_031/2025 (H1N1)	Mourik et al.: Viral metagenomic sentinel surveillance of acute respiratory infections in primary care as a public health strategy: a prospective national pilot study.
NCOH_031_MP	H1N1	MP	Homo sapiens	2025-01-22	Netherlands	nasopharyngeal/oropharyngeal swab	A/Human/Netherlands/NCOH_031/2025 (H1N1)	Mourik et al.: Viral metagenomic sentinel surveillance of acute respiratory infections in primary care as a public health strategy: a prospective national pilot study.
NCOH_031_NS	H1N1	NS	Homo sapiens	2025-01-22	Netherlands	nasopharyngeal/oropharyngeal swab	A/Human/Netherlands/NCOH_031/2025 (H1N1)	Mourik et al.: Viral metagenomic sentinel surveillance of acute respiratory infections in primary care as a public health strategy: a prospective national pilot study.
NCOH_036_PB1	H3N2	PB1	Homo sapiens	2025-02-05	Netherlands	nasopharyngeal/oropharyngeal swab	A/Human/Netherlands/NCOH_036/2025 (H3N2)	Mourik et al.: Viral metagenomic sentinel surveillance of acute respiratory infections in primary care as a public health strategy: a prospective national pilot study.
NCOH_036_PB2	H3N2	PB2	Homo sapiens	2025-02-05	Netherlands	nasopharyngeal/oropharyngeal swab	A/Human/Netherlands/NCOH_036/2025 (H3N2)	Mourik et al.: Viral metagenomic sentinel surveillance of acute respiratory infections in primary care as a public health strategy: a prospective national pilot study.
NCOH_036_PA	H3N2	PA	Homo sapiens	2025-02-05	Netherlands	nasopharyngeal/oropharyngeal swab	A/Human/Netherlands/NCOH_036/2025 (H3N2)	Mourik et al.: Viral metagenomic sentinel surveillance of acute respiratory infections in primary care as a public health strategy: a prospective national pilot study.
NCOH_036_HA	H3N2	HA	Homo sapiens	2025-02-05	Netherlands	nasopharyngeal/oropharyngeal swab	A/Human/Netherlands/NCOH_036/2025 (H3N2)	Mourik et al.: Viral metagenomic sentinel surveillance of acute respiratory infections in primary care as a public health strategy: a prospective national pilot study.
NCOH_036_NP	H3N2	NP	Homo sapiens	2025-02-05	Netherlands	nasopharyngeal/oropharyngeal swab	A/Human/Netherlands/NCOH_036/2025 (H3N2)	Mourik et al.: Viral metagenomic sentinel surveillance of acute respiratory infections in primary care as a public health strategy: a prospective national pilot study.
NCOH_036_NA	H3N2	NA	Homo sapiens	2025-02-05	Netherlands	nasopharyngeal/oropharyngeal swab	A/Human/Netherlands/NCOH_036/2025 (H3N2)	Mourik et al.: Viral metagenomic sentinel surveillance of acute respiratory infections in primary care as a public health strategy: a prospective national pilot study.
NCOH_036_MP	H3N2	MP	Homo sapiens	2025-02-05	Netherlands	nasopharyngeal/oropharyngeal swab	A/Human/Netherlands/NCOH_036/2025 (H3N2)	Mourik et al.: Viral metagenomic sentinel surveillance of acute respiratory infections in primary care as a public health strategy: a prospective national pilot study.
NCOH_036_NS	H3N2	NS	Homo sapiens	2025-02-05	Netherlands	nasopharyngeal/oropharyngeal swab	A/Human/Netherlands/NCOH_036/2025 (H3N2)	Mourik et al.: Viral metagenomic sentinel surveillance of acute respiratory infections in primary care as a public health strategy: a prospective national pilot study.
NCOH_037_PB1	H3N2	PB1	Homo sapiens	2025-02-05	Netherlands	nasopharyngeal/oropharyngeal swab	A/Human/Netherlands/NCOH_037/2025 (H3N2)	Mourik et al.: Viral metagenomic sentinel surveillance of acute respiratory infections in primary care as a public health strategy: a prospective national pilot study.
NCOH_037_PB2	H3N2	PB2	Homo sapiens	2025-02-05	Netherlands	nasopharyngeal/oropharyngeal swab	A/Human/Netherlands/NCOH_037/2025 (H3N2)	Mourik et al.: Viral metagenomic sentinel surveillance of acute respiratory infections in primary care as a public health strategy: a prospective national pilot study.
NCOH_037_PA	H3N2	PA	Homo sapiens	2025-02-05	Netherlands	nasopharyngeal/oropharyngeal swab	A/Human/Netherlands/NCOH_037/2025 (H3N2)	Mourik et al.: Viral metagenomic sentinel surveillance of acute respiratory infections in primary care as a public health strategy: a prospective national pilot study.
NCOH_037_HA	H3N2	HA	Homo sapiens	2025-02-05	Netherlands	nasopharyngeal/oropharyngeal swab	A/Human/Netherlands/NCOH_037/2025 (H3N2)	Mourik et al.: Viral metagenomic sentinel surveillance of acute respiratory infections in primary care as a public health strategy: a prospective national pilot study.
NCOH_037_NP	H3N2	NP	Homo sapiens	2025-02-05	Netherlands	nasopharyngeal/oropharyngeal swab	A/Human/Netherlands/NCOH_037/2025 (H3N2)	Mourik et al.: Viral metagenomic sentinel surveillance of acute respiratory infections in primary care as a public health strategy: a prospective national pilot study.
NCOH_037_NA	H3N2	NA	Homo sapiens	2025-02-05	Netherlands	nasopharyngeal/oropharyngeal swab	A/Human/Netherlands/NCOH_037/2025 (H3N2)	Mourik et al.: Viral metagenomic sentinel surveillance of acute respiratory infections in primary care as a public health strategy: a prospective national pilot study.
NCOH_037_MP	H3N2	MP	Homo sapiens	2025-02-05	Netherlands	nasopharyngeal/oropharyngeal swab	A/Human/Netherlands/NCOH_037/2025 (H3N2)	Mourik et al.: Viral metagenomic sentinel surveillance of acute respiratory infections in primary care as a public health strategy: a prospective national pilot study.
NCOH_037_NS	H3N2	NS	Homo sapiens	2025-02-05	Netherlands	nasopharyngeal/oropharyngeal swab	A/Human/Netherlands/NCOH_037/2025 (H3N2)	Mourik et al.: Viral metagenomic sentinel surveillance of acute respiratory infections in primary care as a public health strategy: a prospective national pilot study.
NCOH_038_PB1	H1N1	PB1	Homo sapiens	2025-02-05	Netherlands	nasopharyngeal/oropharyngeal swab	A/Human/Netherlands/NCOH_038/2025 (H1N1)	Mourik et al.: Viral metagenomic sentinel surveillance of acute respiratory infections in primary care as a public health strategy: a prospective national pilot study.
NCOH_038_PB2	H1N1	PB2	Homo sapiens	2025-02-05	Netherlands	nasopharyngeal/oropharyngeal swab	A/Human/Netherlands/NCOH_038/2025 (H1N1)	Mourik et al.: Viral metagenomic sentinel surveillance of acute respiratory infections in primary care as a public health strategy: a prospective national pilot study.
NCOH_038_PA	H1N1	PA	Homo sapiens	2025-02-05	Netherlands	nasopharyngeal/oropharyngeal swab	A/Human/Netherlands/NCOH_038/2025 (H1N1)	Mourik et al.: Viral metagenomic sentinel surveillance of acute respiratory infections in primary care as a public health strategy: a prospective national pilot study.
NCOH_038_HA	H1N1	HA	Homo sapiens	2025-02-05	Netherlands	nasopharyngeal/oropharyngeal swab	A/Human/Netherlands/NCOH_038/2025 (H1N1)	Mourik et al.: Viral metagenomic sentinel surveillance of acute respiratory infections in primary care as a public health strategy: a prospective national pilot study.
NCOH_038_NP	H1N1	NP	Homo sapiens	2025-02-05	Netherlands	nasopharyngeal/oropharyngeal swab	A/Human/Netherlands/NCOH_038/2025 (H1N1)	Mourik et al.: Viral metagenomic sentinel surveillance of acute respiratory infections in primary care as a public health strategy: a prospective national pilot study.
NCOH_038_NA	H1N1	NA	Homo sapiens	2025-02-05	Netherlands	nasopharyngeal/oropharyngeal swab	A/Human/Netherlands/NCOH_038/2025 (H1N1)	Mourik et al.: Viral metagenomic sentinel surveillance of acute respiratory infections in primary care as a public health strategy: a prospective national pilot study.
NCOH_038_MP	H1N1	MP	Homo sapiens	2025-02-05	Netherlands	nasopharyngeal/oropharyngeal swab	A/Human/Netherlands/NCOH_038/2025 (H1N1)	Mourik et al.: Viral metagenomic sentinel surveillance of acute respiratory infections in primary care as a public health strategy: a prospective national pilot study.
NCOH_038_NS	H1N1	NS	Homo sapiens	2025-02-05	Netherlands	nasopharyngeal/oropharyngeal swab	A/Human/Netherlands/NCOH_038/2025 (H1N1)	Mourik et al.: Viral metagenomic sentinel surveillance of acute respiratory infections in primary care as a public health strategy: a prospective national pilot study.
NCOH_039_PB1		PB1	Homo sapiens	2025-02-05	Netherlands	nasopharyngeal/oropharyngeal swab	B/Human/Netherlands/NCOH_039/2025	Mourik et al.: Viral metagenomic sentinel surveillance of acute respiratory infections in primary care as a public health strategy: a prospective national pilot study.
NCOH_039_PB2		PB2	Homo sapiens	2025-02-05	Netherlands	nasopharyngeal/oropharyngeal swab	B/Human/Netherlands/NCOH_039/2025	Mourik et al.: Viral metagenomic sentinel surveillance of acute respiratory infections in primary care as a public health strategy: a prospective national pilot study.
NCOH_039_PA		PA	Homo sapiens	2025-02-05	Netherlands	nasopharyngeal/oropharyngeal swab	B/Human/Netherlands/NCOH_039/2025	Mourik et al.: Viral metagenomic sentinel surveillance of acute respiratory infections in primary care as a public health strategy: a prospective national pilot study.
NCOH_039_HA		HA	Homo sapiens	2025-02-05	Netherlands	nasopharyngeal/oropharyngeal swab	B/Human/Netherlands/NCOH_039/2025	Mourik et al.: Viral metagenomic sentinel surveillance of acute respiratory infections in primary care as a public health strategy: a prospective national pilot study.
NCOH_039_NP		NP	Homo sapiens	2025-02-05	Netherlands	nasopharyngeal/oropharyngeal swab	B/Human/Netherlands/NCOH_039/2025	Mourik et al.: Viral metagenomic sentinel surveillance of acute respiratory infections in primary care as a public health strategy: a prospective national pilot study.
NCOH_039_NA		NA	Homo sapiens	2025-02-05	Netherlands	nasopharyngeal/oropharyngeal swab	B/Human/Netherlands/NCOH_039/2025	Mourik et al.: Viral metagenomic sentinel surveillance of acute respiratory infections in primary care as a public health strategy: a prospective national pilot study.
NCOH_039_MP		MP	Homo sapiens	2025-02-05	Netherlands	nasopharyngeal/oropharyngeal swab	B/Human/Netherlands/NCOH_039/2025	Mourik et al.: Viral metagenomic sentinel surveillance of acute respiratory infections in primary care as a public health strategy: a prospective national pilot study.
NCOH_039_NS		NS	Homo sapiens	2025-02-05	Netherlands	nasopharyngeal/oropharyngeal swab	B/Human/Netherlands/NCOH_039/2025	Mourik et al.: Viral metagenomic sentinel surveillance of acute respiratory infections in primary care as a public health strategy: a prospective national pilot study.
NCOH_042_PB1	H3N2	PB1	Homo sapiens	2025-02-05	Netherlands	nasopharyngeal/oropharyngeal swab	A/Human/Netherlands/NCOH_042/2025 (H3N2)	Mourik et al.: Viral metagenomic sentinel surveillance of acute respiratory infections in primary care as a public health strategy: a prospective national pilot study.
NCOH_042_PB2	H3N2	PB2	Homo sapiens	2025-02-05	Netherlands	nasopharyngeal/oropharyngeal swab	A/Human/Netherlands/NCOH_042/2025 (H3N2)	Mourik et al.: Viral metagenomic sentinel surveillance of acute respiratory infections in primary care as a public health strategy: a prospective national pilot study.
NCOH_042_PA	H3N2	PA	Homo sapiens	2025-02-05	Netherlands	nasopharyngeal/oropharyngeal swab	A/Human/Netherlands/NCOH_042/2025 (H3N2)	Mourik et al.: Viral metagenomic sentinel surveillance of acute respiratory infections in primary care as a public health strategy: a prospective national pilot study.
NCOH_042_HA	H3N2	HA	Homo sapiens	2025-02-05	Netherlands	nasopharyngeal/oropharyngeal swab	A/Human/Netherlands/NCOH_042/2025 (H3N2)	Mourik et al.: Viral metagenomic sentinel surveillance of acute respiratory infections in primary care as a public health strategy: a prospective national pilot study.
NCOH_042_NP	H3N2	NP	Homo sapiens	2025-02-05	Netherlands	nasopharyngeal/oropharyngeal swab	A/Human/Netherlands/NCOH_042/2025 (H3N2)	Mourik et al.: Viral metagenomic sentinel surveillance of acute respiratory infections in primary care as a public health strategy: a prospective national pilot study.
NCOH_042_NA	H3N2	NA	Homo sapiens	2025-02-05	Netherlands	nasopharyngeal/oropharyngeal swab	A/Human/Netherlands/NCOH_042/2025 (H3N2)	Mourik et al.: Viral metagenomic sentinel surveillance of acute respiratory infections in primary care as a public health strategy: a prospective national pilot study.
NCOH_042_MP	H3N2	MP	Homo sapiens	2025-02-05	Netherlands	nasopharyngeal/oropharyngeal swab	A/Human/Netherlands/NCOH_042/2025 (H3N2)	Mourik et al.: Viral metagenomic sentinel surveillance of acute respiratory infections in primary care as a public health strategy: a prospective national pilot study.
NCOH_042_NS	H3N2	NS	Homo sapiens	2025-02-05	Netherlands	nasopharyngeal/oropharyngeal swab	A/Human/Netherlands/NCOH_042/2025 (H3N2)	Mourik et al.: Viral metagenomic sentinel surveillance of acute respiratory infections in primary care as a public health strategy: a prospective national pilot study.
NCOH_044_PB1	H1N1	PB1	Homo sapiens	2025-02-05	Netherlands	nasopharyngeal/oropharyngeal swab	A/Human/Netherlands/NCOH_044/2025 (H1N1)	Mourik et al.: Viral metagenomic sentinel surveillance of acute respiratory infections in primary care as a public health strategy: a prospective national pilot study.
NCOH_044_PB2	H1N1	PB2	Homo sapiens	2025-02-05	Netherlands	nasopharyngeal/oropharyngeal swab	A/Human/Netherlands/NCOH_044/2025 (H1N1)	Mourik et al.: Viral metagenomic sentinel surveillance of acute respiratory infections in primary care as a public health strategy: a prospective national pilot study.
NCOH_044_PA	H1N1	PA	Homo sapiens	2025-02-05	Netherlands	nasopharyngeal/oropharyngeal swab	A/Human/Netherlands/NCOH_044/2025 (H1N1)	Mourik et al.: Viral metagenomic sentinel surveillance of acute respiratory infections in primary care as a public health strategy: a prospective national pilot study.
NCOH_044_HA	H1N1	HA	Homo sapiens	2025-02-05	Netherlands	nasopharyngeal/oropharyngeal swab	A/Human/Netherlands/NCOH_044/2025 (H1N1)	Mourik et al.: Viral metagenomic sentinel surveillance of acute respiratory infections in primary care as a public health strategy: a prospective national pilot study.
NCOH_044_NP	H1N1	NP	Homo sapiens	2025-02-05	Netherlands	nasopharyngeal/oropharyngeal swab	A/Human/Netherlands/NCOH_044/2025 (H1N1)	Mourik et al.: Viral metagenomic sentinel surveillance of acute respiratory infections in primary care as a public health strategy: a prospective national pilot study.
NCOH_044_NA	H1N1	NA	Homo sapiens	2025-02-05	Netherlands	nasopharyngeal/oropharyngeal swab	A/Human/Netherlands/NCOH_044/2025 (H1N1)	Mourik et al.: Viral metagenomic sentinel surveillance of acute respiratory infections in primary care as a public health strategy: a prospective national pilot study.
NCOH_044_MP	H1N1	MP	Homo sapiens	2025-02-05	Netherlands	nasopharyngeal/oropharyngeal swab	A/Human/Netherlands/NCOH_044/2025 (H1N1)	Mourik et al.: Viral metagenomic sentinel surveillance of acute respiratory infections in primary care as a public health strategy: a prospective national pilot study.
NCOH_044_NS	H1N1	NS	Homo sapiens	2025-02-05	Netherlands	nasopharyngeal/oropharyngeal swab	A/Human/Netherlands/NCOH_044/2025 (H1N1)	Mourik et al.: Viral metagenomic sentinel surveillance of acute respiratory infections in primary care as a public health strategy: a prospective national pilot study.
NCOH_045_PB1	H1N1	PB1	Homo sapiens	2025-02-05	Netherlands	nasopharyngeal/oropharyngeal swab	A/Human/Netherlands/NCOH_045/2025 (H1N1)	Mourik et al.: Viral metagenomic sentinel surveillance of acute respiratory infections in primary care as a public health strategy: a prospective national pilot study.
NCOH_045_PB2	H1N1	PB2	Homo sapiens	2025-02-05	Netherlands	nasopharyngeal/oropharyngeal swab	A/Human/Netherlands/NCOH_045/2025 (H1N1)	Mourik et al.: Viral metagenomic sentinel surveillance of acute respiratory infections in primary care as a public health strategy: a prospective national pilot study.
NCOH_045_PA	H1N1	PA	Homo sapiens	2025-02-05	Netherlands	nasopharyngeal/oropharyngeal swab	A/Human/Netherlands/NCOH_045/2025 (H1N1)	Mourik et al.: Viral metagenomic sentinel surveillance of acute respiratory infections in primary care as a public health strategy: a prospective national pilot study.
NCOH_045_HA	H1N1	HA	Homo sapiens	2025-02-05	Netherlands	nasopharyngeal/oropharyngeal swab	A/Human/Netherlands/NCOH_045/2025 (H1N1)	Mourik et al.: Viral metagenomic sentinel surveillance of acute respiratory infections in primary care as a public health strategy: a prospective national pilot study.
NCOH_045_NP	H1N1	NP	Homo sapiens	2025-02-05	Netherlands	nasopharyngeal/oropharyngeal swab	A/Human/Netherlands/NCOH_045/2025 (H1N1)	Mourik et al.: Viral metagenomic sentinel surveillance of acute respiratory infections in primary care as a public health strategy: a prospective national pilot study.
NCOH_045_NA	H1N1	NA	Homo sapiens	2025-02-05	Netherlands	nasopharyngeal/oropharyngeal swab	A/Human/Netherlands/NCOH_045/2025 (H1N1)	Mourik et al.: Viral metagenomic sentinel surveillance of acute respiratory infections in primary care as a public health strategy: a prospective national pilot study.
NCOH_045_MP	H1N1	MP	Homo sapiens	2025-02-05	Netherlands	nasopharyngeal/oropharyngeal swab	A/Human/Netherlands/NCOH_045/2025 (H1N1)	Mourik et al.: Viral metagenomic sentinel surveillance of acute respiratory infections in primary care as a public health strategy: a prospective national pilot study.
NCOH_045_NS	H1N1	NS	Homo sapiens	2025-02-05	Netherlands	nasopharyngeal/oropharyngeal swab	A/Human/Netherlands/NCOH_045/2025 (H1N1)	Mourik et al.: Viral metagenomic sentinel surveillance of acute respiratory infections in primary care as a public health strategy: a prospective national pilot study.
NCOH_050_PB1		PB1	Homo sapiens	2025-02-19	Netherlands	nasopharyngeal/oropharyngeal swab	B/Human/Netherlands/NCOH_050/2025	Mourik et al.: Viral metagenomic sentinel surveillance of acute respiratory infections in primary care as a public health strategy: a prospective national pilot study.
NCOH_050_PB2		PB2	Homo sapiens	2025-02-19	Netherlands	nasopharyngeal/oropharyngeal swab	B/Human/Netherlands/NCOH_050/2026	Mourik et al.: Viral metagenomic sentinel surveillance of acute respiratory infections in primary care as a public health strategy: a prospective national pilot study.
NCOH_050_PA		PA	Homo sapiens	2025-02-19	Netherlands	nasopharyngeal/oropharyngeal swab	B/Human/Netherlands/NCOH_050/2027	Mourik et al.: Viral metagenomic sentinel surveillance of acute respiratory infections in primary care as a public health strategy: a prospective national pilot study.
NCOH_050_HA		HA	Homo sapiens	2025-02-19	Netherlands	nasopharyngeal/oropharyngeal swab	B/Human/Netherlands/NCOH_050/2028	Mourik et al.: Viral metagenomic sentinel surveillance of acute respiratory infections in primary care as a public health strategy: a prospective national pilot study.
NCOH_050_NP		NP	Homo sapiens	2025-02-19	Netherlands	nasopharyngeal/oropharyngeal swab	B/Human/Netherlands/NCOH_050/2029	Mourik et al.: Viral metagenomic sentinel surveillance of acute respiratory infections in primary care as a public health strategy: a prospective national pilot study.
NCOH_050_NA		NA	Homo sapiens	2025-02-19	Netherlands	nasopharyngeal/oropharyngeal swab	B/Human/Netherlands/NCOH_050/2030	Mourik et al.: Viral metagenomic sentinel surveillance of acute respiratory infections in primary care as a public health strategy: a prospective national pilot study.
NCOH_050_MP		MP	Homo sapiens	2025-02-19	Netherlands	nasopharyngeal/oropharyngeal swab	B/Human/Netherlands/NCOH_050/2031	Mourik et al.: Viral metagenomic sentinel surveillance of acute respiratory infections in primary care as a public health strategy: a prospective national pilot study.
NCOH_050_NS		NS	Homo sapiens	2025-02-19	Netherlands	nasopharyngeal/oropharyngeal swab	B/Human/Netherlands/NCOH_050/2032	Mourik et al.: Viral metagenomic sentinel surveillance of acute respiratory infections in primary care as a public health strategy: a prospective national pilot study.
NCOH_052_PB1	H3N2	PB1	Homo sapiens	2025-02-18	Netherlands	nasopharyngeal/oropharyngeal swab	A/Human/Netherlands/NCOH_052/2025 (H3N2)	Mourik et al.: Viral metagenomic sentinel surveillance of acute respiratory infections in primary care as a public health strategy: a prospective national pilot study.
NCOH_052_PB2	H3N2	PB2	Homo sapiens	2025-02-18	Netherlands	nasopharyngeal/oropharyngeal swab	A/Human/Netherlands/NCOH_052/2025 (H3N2)	Mourik et al.: Viral metagenomic sentinel surveillance of acute respiratory infections in primary care as a public health strategy: a prospective national pilot study.
NCOH_052_PA	H3N2	PA	Homo sapiens	2025-02-18	Netherlands	nasopharyngeal/oropharyngeal swab	A/Human/Netherlands/NCOH_052/2025 (H3N2)	Mourik et al.: Viral metagenomic sentinel surveillance of acute respiratory infections in primary care as a public health strategy: a prospective national pilot study.
NCOH_052_HA	H3N2	HA	Homo sapiens	2025-02-18	Netherlands	nasopharyngeal/oropharyngeal swab	A/Human/Netherlands/NCOH_052/2025 (H3N2)	Mourik et al.: Viral metagenomic sentinel surveillance of acute respiratory infections in primary care as a public health strategy: a prospective national pilot study.
NCOH_052_NP	H3N2	NP	Homo sapiens	2025-02-18	Netherlands	nasopharyngeal/oropharyngeal swab	A/Human/Netherlands/NCOH_052/2025 (H3N2)	Mourik et al.: Viral metagenomic sentinel surveillance of acute respiratory infections in primary care as a public health strategy: a prospective national pilot study.
NCOH_052_NA	H3N2	NA	Homo sapiens	2025-02-18	Netherlands	nasopharyngeal/oropharyngeal swab	A/Human/Netherlands/NCOH_052/2025 (H3N2)	Mourik et al.: Viral metagenomic sentinel surveillance of acute respiratory infections in primary care as a public health strategy: a prospective national pilot study.
NCOH_052_MP	H3N2	MP	Homo sapiens	2025-02-18	Netherlands	nasopharyngeal/oropharyngeal swab	A/Human/Netherlands/NCOH_052/2025 (H3N2)	Mourik et al.: Viral metagenomic sentinel surveillance of acute respiratory infections in primary care as a public health strategy: a prospective national pilot study.
NCOH_052_NS	H3N2	NS	Homo sapiens	2025-02-18	Netherlands	nasopharyngeal/oropharyngeal swab	A/Human/Netherlands/NCOH_052/2025 (H3N2)	Mourik et al.: Viral metagenomic sentinel surveillance of acute respiratory infections in primary care as a public health strategy: a prospective national pilot study.
NCOH_054_PB1	H3N2	PB1	Homo sapiens	2025-02-19	Netherlands	nasopharyngeal/oropharyngeal swab	A/Human/Netherlands/NCOH_054/2025 (H3N2)	Mourik et al.: Viral metagenomic sentinel surveillance of acute respiratory infections in primary care as a public health strategy: a prospective national pilot study.
NCOH_054_PB2	H3N2	PB2	Homo sapiens	2025-02-19	Netherlands	nasopharyngeal/oropharyngeal swab	A/Human/Netherlands/NCOH_054/2025 (H3N2)	Mourik et al.: Viral metagenomic sentinel surveillance of acute respiratory infections in primary care as a public health strategy: a prospective national pilot study.
NCOH_054_PA	H3N2	PA	Homo sapiens	2025-02-19	Netherlands	nasopharyngeal/oropharyngeal swab	A/Human/Netherlands/NCOH_054/2025 (H3N2)	Mourik et al.: Viral metagenomic sentinel surveillance of acute respiratory infections in primary care as a public health strategy: a prospective national pilot study.
NCOH_054_HA	H3N2	HA	Homo sapiens	2025-02-19	Netherlands	nasopharyngeal/oropharyngeal swab	A/Human/Netherlands/NCOH_054/2025 (H3N2)	Mourik et al.: Viral metagenomic sentinel surveillance of acute respiratory infections in primary care as a public health strategy: a prospective national pilot study.
NCOH_054_NP	H3N2	NP	Homo sapiens	2025-02-19	Netherlands	nasopharyngeal/oropharyngeal swab	A/Human/Netherlands/NCOH_054/2025 (H3N2)	Mourik et al.: Viral metagenomic sentinel surveillance of acute respiratory infections in primary care as a public health strategy: a prospective national pilot study.
NCOH_054_NA	H3N2	NA	Homo sapiens	2025-02-19	Netherlands	nasopharyngeal/oropharyngeal swab	A/Human/Netherlands/NCOH_054/2025 (H3N2)	Mourik et al.: Viral metagenomic sentinel surveillance of acute respiratory infections in primary care as a public health strategy: a prospective national pilot study.
NCOH_054_MP	H3N2	MP	Homo sapiens	2025-02-19	Netherlands	nasopharyngeal/oropharyngeal swab	A/Human/Netherlands/NCOH_054/2025 (H3N2)	Mourik et al.: Viral metagenomic sentinel surveillance of acute respiratory infections in primary care as a public health strategy: a prospective national pilot study.
NCOH_054_NS	H3N2	NS	Homo sapiens	2025-02-19	Netherlands	nasopharyngeal/oropharyngeal swab	A/Human/Netherlands/NCOH_054/2025 (H3N2)	Mourik et al.: Viral metagenomic sentinel surveillance of acute respiratory infections in primary care as a public health strategy: a prospective national pilot study.
NCOH_056_PB1	H3N2	PB1	Homo sapiens	2025-02-18	Netherlands	nasopharyngeal/oropharyngeal swab	A/Human/Netherlands/NCOH_056/2025 (H3N2)	Mourik et al.: Viral metagenomic sentinel surveillance of acute respiratory infections in primary care as a public health strategy: a prospective national pilot study.
NCOH_056_PB2	H3N2	PB2	Homo sapiens	2025-02-18	Netherlands	nasopharyngeal/oropharyngeal swab	A/Human/Netherlands/NCOH_056/2025 (H3N2)	Mourik et al.: Viral metagenomic sentinel surveillance of acute respiratory infections in primary care as a public health strategy: a prospective national pilot study.
NCOH_056_PA	H3N2	PA	Homo sapiens	2025-02-18	Netherlands	nasopharyngeal/oropharyngeal swab	A/Human/Netherlands/NCOH_056/2025 (H3N2)	Mourik et al.: Viral metagenomic sentinel surveillance of acute respiratory infections in primary care as a public health strategy: a prospective national pilot study.
NCOH_056_HA	H3N2	HA	Homo sapiens	2025-02-18	Netherlands	nasopharyngeal/oropharyngeal swab	A/Human/Netherlands/NCOH_056/2025 (H3N2)	Mourik et al.: Viral metagenomic sentinel surveillance of acute respiratory infections in primary care as a public health strategy: a prospective national pilot study.
NCOH_056_NP	H3N2	NP	Homo sapiens	2025-02-18	Netherlands	nasopharyngeal/oropharyngeal swab	A/Human/Netherlands/NCOH_056/2025 (H3N2)	Mourik et al.: Viral metagenomic sentinel surveillance of acute respiratory infections in primary care as a public health strategy: a prospective national pilot study.
NCOH_056_NA	H3N2	NA	Homo sapiens	2025-02-18	Netherlands	nasopharyngeal/oropharyngeal swab	A/Human/Netherlands/NCOH_056/2025 (H3N2)	Mourik et al.: Viral metagenomic sentinel surveillance of acute respiratory infections in primary care as a public health strategy: a prospective national pilot study.
NCOH_056_MP	H3N2	MP	Homo sapiens	2025-02-18	Netherlands	nasopharyngeal/oropharyngeal swab	A/Human/Netherlands/NCOH_056/2025 (H3N2)	Mourik et al.: Viral metagenomic sentinel surveillance of acute respiratory infections in primary care as a public health strategy: a prospective national pilot study.
NCOH_056_NS	H3N2	NS	Homo sapiens	2025-02-18	Netherlands	nasopharyngeal/oropharyngeal swab	A/Human/Netherlands/NCOH_056/2025 (H3N2)	Mourik et al.: Viral metagenomic sentinel surveillance of acute respiratory infections in primary care as a public health strategy: a prospective national pilot study.
NCOH_057_PB1	H3N2	PB1	Homo sapiens	2025-02-19	Netherlands	nasopharyngeal/oropharyngeal swab	A/Human/Netherlands/NCOH_057/2025 (H3N2)	Mourik et al.: Viral metagenomic sentinel surveillance of acute respiratory infections in primary care as a public health strategy: a prospective national pilot study.
NCOH_057_PB2	H3N2	PB2	Homo sapiens	2025-02-19	Netherlands	nasopharyngeal/oropharyngeal swab	A/Human/Netherlands/NCOH_057/2025 (H3N2)	Mourik et al.: Viral metagenomic sentinel surveillance of acute respiratory infections in primary care as a public health strategy: a prospective national pilot study.
NCOH_057_PA	H3N2	PA	Homo sapiens	2025-02-19	Netherlands	nasopharyngeal/oropharyngeal swab	A/Human/Netherlands/NCOH_057/2025 (H3N2)	Mourik et al.: Viral metagenomic sentinel surveillance of acute respiratory infections in primary care as a public health strategy: a prospective national pilot study.
NCOH_057_HA	H3N2	HA	Homo sapiens	2025-02-19	Netherlands	nasopharyngeal/oropharyngeal swab	A/Human/Netherlands/NCOH_057/2025 (H3N2)	Mourik et al.: Viral metagenomic sentinel surveillance of acute respiratory infections in primary care as a public health strategy: a prospective national pilot study.
NCOH_057_NP	H3N2	NP	Homo sapiens	2025-02-19	Netherlands	nasopharyngeal/oropharyngeal swab	A/Human/Netherlands/NCOH_057/2025 (H3N2)	Mourik et al.: Viral metagenomic sentinel surveillance of acute respiratory infections in primary care as a public health strategy: a prospective national pilot study.
NCOH_057_NA	H3N2	NA	Homo sapiens	2025-02-19	Netherlands	nasopharyngeal/oropharyngeal swab	A/Human/Netherlands/NCOH_057/2025 (H3N2)	Mourik et al.: Viral metagenomic sentinel surveillance of acute respiratory infections in primary care as a public health strategy: a prospective national pilot study.
NCOH_057_MP	H3N2	MP	Homo sapiens	2025-02-19	Netherlands	nasopharyngeal/oropharyngeal swab	A/Human/Netherlands/NCOH_057/2025 (H3N2)	Mourik et al.: Viral metagenomic sentinel surveillance of acute respiratory infections in primary care as a public health strategy: a prospective national pilot study.
NCOH_057_NS	H3N2	NS	Homo sapiens	2025-02-19	Netherlands	nasopharyngeal/oropharyngeal swab	A/Human/Netherlands/NCOH_057/2025 (H3N2)	Mourik et al.: Viral metagenomic sentinel surveillance of acute respiratory infections in primary care as a public health strategy: a prospective national pilot study.
NCOH_062_PB1	H3N2	PB1	Homo sapiens	2025-02-19	Netherlands	nasopharyngeal/oropharyngeal swab	A/Human/Netherlands/NCOH_062/2025 (H3N2)	Mourik et al.: Viral metagenomic sentinel surveillance of acute respiratory infections in primary care as a public health strategy: a prospective national pilot study.
NCOH_062_PB2	H3N2	PB2	Homo sapiens	2025-02-19	Netherlands	nasopharyngeal/oropharyngeal swab	A/Human/Netherlands/NCOH_062/2025 (H3N2)	Mourik et al.: Viral metagenomic sentinel surveillance of acute respiratory infections in primary care as a public health strategy: a prospective national pilot study.
NCOH_062_PA	H3N2	PA	Homo sapiens	2025-02-19	Netherlands	nasopharyngeal/oropharyngeal swab	A/Human/Netherlands/NCOH_062/2025 (H3N2)	Mourik et al.: Viral metagenomic sentinel surveillance of acute respiratory infections in primary care as a public health strategy: a prospective national pilot study.
NCOH_062_HA	H3N2	HA	Homo sapiens	2025-02-19	Netherlands	nasopharyngeal/oropharyngeal swab	A/Human/Netherlands/NCOH_062/2025 (H3N2)	Mourik et al.: Viral metagenomic sentinel surveillance of acute respiratory infections in primary care as a public health strategy: a prospective national pilot study.
NCOH_062_NP	H3N2	NP	Homo sapiens	2025-02-19	Netherlands	nasopharyngeal/oropharyngeal swab	A/Human/Netherlands/NCOH_062/2025 (H3N2)	Mourik et al.: Viral metagenomic sentinel surveillance of acute respiratory infections in primary care as a public health strategy: a prospective national pilot study.
NCOH_062_NA	H3N2	NA	Homo sapiens	2025-02-19	Netherlands	nasopharyngeal/oropharyngeal swab	A/Human/Netherlands/NCOH_062/2025 (H3N2)	Mourik et al.: Viral metagenomic sentinel surveillance of acute respiratory infections in primary care as a public health strategy: a prospective national pilot study.
NCOH_062_MP	H3N2	MP	Homo sapiens	2025-02-19	Netherlands	nasopharyngeal/oropharyngeal swab	A/Human/Netherlands/NCOH_062/2025 (H3N2)	Mourik et al.: Viral metagenomic sentinel surveillance of acute respiratory infections in primary care as a public health strategy: a prospective national pilot study.
NCOH_062_NS	H3N2	NS	Homo sapiens	2025-02-19	Netherlands	nasopharyngeal/oropharyngeal swab	A/Human/Netherlands/NCOH_062/2025 (H3N2)	Mourik et al.: Viral metagenomic sentinel surveillance of acute respiratory infections in primary care as a public health strategy: a prospective national pilot study.
NCOH_063_PB1	H3N2	PB1	Homo sapiens	2025-02-19	Netherlands	nasopharyngeal/oropharyngeal swab	A/Human/Netherlands/NCOH_063/2025 (H3N2)	Mourik et al.: Viral metagenomic sentinel surveillance of acute respiratory infections in primary care as a public health strategy: a prospective national pilot study.
NCOH_063_PB2	H3N2	PB2	Homo sapiens	2025-02-19	Netherlands	nasopharyngeal/oropharyngeal swab	A/Human/Netherlands/NCOH_063/2025 (H3N2)	Mourik et al.: Viral metagenomic sentinel surveillance of acute respiratory infections in primary care as a public health strategy: a prospective national pilot study.
NCOH_063_PA	H3N2	PA	Homo sapiens	2025-02-19	Netherlands	nasopharyngeal/oropharyngeal swab	A/Human/Netherlands/NCOH_063/2025 (H3N2)	Mourik et al.: Viral metagenomic sentinel surveillance of acute respiratory infections in primary care as a public health strategy: a prospective national pilot study.
NCOH_063_HA	H3N2	HA	Homo sapiens	2025-02-19	Netherlands	nasopharyngeal/oropharyngeal swab	A/Human/Netherlands/NCOH_063/2025 (H3N2)	Mourik et al.: Viral metagenomic sentinel surveillance of acute respiratory infections in primary care as a public health strategy: a prospective national pilot study.
NCOH_063_NP	H3N2	NP	Homo sapiens	2025-02-19	Netherlands	nasopharyngeal/oropharyngeal swab	A/Human/Netherlands/NCOH_063/2025 (H3N2)	Mourik et al.: Viral metagenomic sentinel surveillance of acute respiratory infections in primary care as a public health strategy: a prospective national pilot study.
NCOH_063_NA	H3N2	NA	Homo sapiens	2025-02-19	Netherlands	nasopharyngeal/oropharyngeal swab	A/Human/Netherlands/NCOH_063/2025 (H3N2)	Mourik et al.: Viral metagenomic sentinel surveillance of acute respiratory infections in primary care as a public health strategy: a prospective national pilot study.
NCOH_063_MP	H3N2	MP	Homo sapiens	2025-02-19	Netherlands	nasopharyngeal/oropharyngeal swab	A/Human/Netherlands/NCOH_063/2025 (H3N2)	Mourik et al.: Viral metagenomic sentinel surveillance of acute respiratory infections in primary care as a public health strategy: a prospective national pilot study.
NCOH_063_NS	H3N2	NS	Homo sapiens	2025-02-19	Netherlands	nasopharyngeal/oropharyngeal swab	A/Human/Netherlands/NCOH_063/2025 (H3N2)	Mourik et al.: Viral metagenomic sentinel surveillance of acute respiratory infections in primary care as a public health strategy: a prospective national pilot study.
NCOH_065_PB1	H3N2	PB1	Homo sapiens	2025-03-28	Netherlands	nasopharyngeal/oropharyngeal swab	A/Human/Netherlands/NCOH_065/2025 (H3N2)	Mourik et al.: Viral metagenomic sentinel surveillance of acute respiratory infections in primary care as a public health strategy: a prospective national pilot study.
NCOH_065_PB2	H3N2	PB2	Homo sapiens	2025-03-28	Netherlands	nasopharyngeal/oropharyngeal swab	A/Human/Netherlands/NCOH_065/2025 (H3N2)	Mourik et al.: Viral metagenomic sentinel surveillance of acute respiratory infections in primary care as a public health strategy: a prospective national pilot study.
NCOH_065_PA	H3N2	PA	Homo sapiens	2025-03-28	Netherlands	nasopharyngeal/oropharyngeal swab	A/Human/Netherlands/NCOH_065/2025 (H3N2)	Mourik et al.: Viral metagenomic sentinel surveillance of acute respiratory infections in primary care as a public health strategy: a prospective national pilot study.
NCOH_065_HA	H3N2	HA	Homo sapiens	2025-03-28	Netherlands	nasopharyngeal/oropharyngeal swab	A/Human/Netherlands/NCOH_065/2025 (H3N2)	Mourik et al.: Viral metagenomic sentinel surveillance of acute respiratory infections in primary care as a public health strategy: a prospective national pilot study.
NCOH_065_NP	H3N2	NP	Homo sapiens	2025-03-28	Netherlands	nasopharyngeal/oropharyngeal swab	A/Human/Netherlands/NCOH_065/2025 (H3N2)	Mourik et al.: Viral metagenomic sentinel surveillance of acute respiratory infections in primary care as a public health strategy: a prospective national pilot study.
NCOH_065_NA	H3N2	NA	Homo sapiens	2025-03-28	Netherlands	nasopharyngeal/oropharyngeal swab	A/Human/Netherlands/NCOH_065/2025 (H3N2)	Mourik et al.: Viral metagenomic sentinel surveillance of acute respiratory infections in primary care as a public health strategy: a prospective national pilot study.
NCOH_065_MP	H3N2	MP	Homo sapiens	2025-03-28	Netherlands	nasopharyngeal/oropharyngeal swab	A/Human/Netherlands/NCOH_065/2025 (H3N2)	Mourik et al.: Viral metagenomic sentinel surveillance of acute respiratory infections in primary care as a public health strategy: a prospective national pilot study.
NCOH_065_NS	H3N2	NS	Homo sapiens	2025-03-28	Netherlands	nasopharyngeal/oropharyngeal swab	A/Human/Netherlands/NCOH_065/2025 (H3N2)	Mourik et al.: Viral metagenomic sentinel surveillance of acute respiratory infections in primary care as a public health strategy: a prospective national pilot study.
NCOH_066_PB1	H3N2	PB1	Homo sapiens	2025-03-31	Netherlands	nasopharyngeal/oropharyngeal swab	A/Human/Netherlands/NCOH_066/2025 (H3N2)	Mourik et al.: Viral metagenomic sentinel surveillance of acute respiratory infections in primary care as a public health strategy: a prospective national pilot study.
NCOH_066_PB2	H3N2	PB2	Homo sapiens	2025-03-31	Netherlands	nasopharyngeal/oropharyngeal swab	A/Human/Netherlands/NCOH_066/2025 (H3N2)	Mourik et al.: Viral metagenomic sentinel surveillance of acute respiratory infections in primary care as a public health strategy: a prospective national pilot study.
NCOH_066_PA	H3N2	PA	Homo sapiens	2025-03-31	Netherlands	nasopharyngeal/oropharyngeal swab	A/Human/Netherlands/NCOH_066/2025 (H3N2)	Mourik et al.: Viral metagenomic sentinel surveillance of acute respiratory infections in primary care as a public health strategy: a prospective national pilot study.
NCOH_066_HA	H3N2	HA	Homo sapiens	2025-03-31	Netherlands	nasopharyngeal/oropharyngeal swab	A/Human/Netherlands/NCOH_066/2025 (H3N2)	Mourik et al.: Viral metagenomic sentinel surveillance of acute respiratory infections in primary care as a public health strategy: a prospective national pilot study.
NCOH_066_NP	H3N2	NP	Homo sapiens	2025-03-31	Netherlands	nasopharyngeal/oropharyngeal swab	A/Human/Netherlands/NCOH_066/2025 (H3N2)	Mourik et al.: Viral metagenomic sentinel surveillance of acute respiratory infections in primary care as a public health strategy: a prospective national pilot study.
NCOH_066_NA	H3N2	NA	Homo sapiens	2025-03-31	Netherlands	nasopharyngeal/oropharyngeal swab	A/Human/Netherlands/NCOH_066/2025 (H3N2)	Mourik et al.: Viral metagenomic sentinel surveillance of acute respiratory infections in primary care as a public health strategy: a prospective national pilot study.
NCOH_066_MP	H3N2	MP	Homo sapiens	2025-03-31	Netherlands	nasopharyngeal/oropharyngeal swab	A/Human/Netherlands/NCOH_066/2025 (H3N2)	Mourik et al.: Viral metagenomic sentinel surveillance of acute respiratory infections in primary care as a public health strategy: a prospective national pilot study.
NCOH_066_NS	H3N2	NS	Homo sapiens	2025-03-31	Netherlands	nasopharyngeal/oropharyngeal swab	A/Human/Netherlands/NCOH_066/2025 (H3N2)	Mourik et al.: Viral metagenomic sentinel surveillance of acute respiratory infections in primary care as a public health strategy: a prospective national pilot study.
NCOH_007			Homo sapiens	2025-01-08	Netherlands	nasopharyngeal/oropharyngeal swab	HRSV/B/Netherlands/NCOH_007/2025	Mourik et al.: Viral metagenomic sentinel surveillance of acute respiratory infections in primary care as a public health strategy: a prospective national pilot study.
NCOH_025			Homo sapiens	2025-01-23	Netherlands	nasopharyngeal/oropharyngeal swab	HRSV/A/Netherlands/NCOH_025/2025	Mourik et al.: Viral metagenomic sentinel surveillance of acute respiratory infections in primary care as a public health strategy: a prospective national pilot study.
NCOH_032			Homo sapiens	2025-01-22	Netherlands	nasopharyngeal/oropharyngeal swab	HRSV/B/Netherlands/NCOH_032/2025	Mourik et al.: Viral metagenomic sentinel surveillance of acute respiratory infections in primary care as a public health strategy: a prospective national pilot study.
NCOH_072			Homo sapiens	2025-03-31	Netherlands	nasopharyngeal/oropharyngeal swab	HRSV/B/Netherlands/NCOH_072/2025	Mourik et al.: Viral metagenomic sentinel surveillance of acute respiratory infections in primary care as a public health strategy: a prospective national pilot study.
NCOH_084			Homo sapiens	2025-04-15	Netherlands	nasopharyngeal/oropharyngeal swab	HRSV/B/Netherlands/NCOH_084/2025	Mourik et al.: Viral metagenomic sentinel surveillance of acute respiratory infections in primary care as a public health strategy: a prospective national pilot study.
NCOH_088			Homo sapiens	2025-04-15	Netherlands	nasopharyngeal/oropharyngeal swab	HRSV/B/Netherlands/NCOH_088/2025	Mourik et al.: Viral metagenomic sentinel surveillance of acute respiratory infections in primary care as a public health strategy: a prospective national pilot study.
NCOH_051			Homo sapiens	2025-02-18	Netherlands	nasopharyngeal/oropharyngeal swab	HMPV/Netherlands/NCOH_051/2025/B	Mourik et al.: Viral metagenomic sentinel surveillance of acute respiratory infections in primary care as a public health strategy: a prospective national pilot study.
NCOH_069			Homo sapiens	2025-03-31	Netherlands	nasopharyngeal/oropharyngeal swab	HMPV/Netherlands/NCOH_069/2025/A	Mourik et al.: Viral metagenomic sentinel surveillance of acute respiratory infections in primary care as a public health strategy: a prospective national pilot study.
NCOH_085			Homo sapiens	2025-04-16	Netherlands	nasopharyngeal/oropharyngeal swab	HMPV/Netherlands/NCOH_085/2025/A	Mourik et al.: Viral metagenomic sentinel surveillance of acute respiratory infections in primary care as a public health strategy: a prospective national pilot study.
